"translation_id","indication_id","name","source","ReportDiseaseName","ReportParenthetical","DiseaseType"
1,119,"vaginal cancer","DOID","Female Genital Organ Cancer",,"Solid Tumor"
2,120,"female reproductive organ cancer","DOID","Female Genital Organ Cancer",,"Solid Tumor"
3,138,"vaginal squamous tumor","DOID","Female Genital Organ Cancer",,"Solid Tumor"
4,162,"cancer","DOID","Solid Tumor",,"Solid Tumor"
5,169,"neuroendocrine tumor","DOID","Neuroendocrine Tumors",,"Solid Tumor"
6,170,"endocrine gland cancer","DOID","Endocrine Gland Cancer",,"Solid Tumor"
7,175,"vascular cancer","DOID",,,
8,184,"bone cancer","DOID","Sarcoma",,"Solid Tumor"
9,192,"sex cord-gonadal stromal tumor","DOID","Testicular Cancer",,"Solid Tumor"
10,200,"giant cell tumor","DOID",,,
11,219,"colon cancer","DOID","Colorectal Cancer",,"Solid Tumor"
12,234,"colon adenocarcinoma","DOID","Colorectal Cancer",,"Solid Tumor"
13,255,"hemangioma","DOID",,,
14,263,"kidney cancer","DOID","Kidney Cancer",,"Solid Tumor"
15,264,"hemangiopericytoma","DOID",,,
16,285,"hairy cell leukemia","DOID","Leukemia (Other)",,"Hematologic"
17,299,"adenocarcinoma","DOID","Solid Tumor",,"Solid Tumor"
18,305,"carcinoma","DOID","Solid Tumor",,"Solid Tumor"
19,314,"tenosynovial giant cell tumor","DOID","Sarcoma",,"Solid Tumor"
20,350,"mastocytosis","DOID",,,
21,363,"uterine cancer","DOID","Endometrial Cancer",,"Solid Tumor"
22,369,"olfactory neuroblastoma","DOID","Head and Neck Cancer",,"Solid Tumor"
23,660,"adrenal cortex cancer","DOID","Adrenal Gland Cancer",,"Solid Tumor"
24,684,"hepatocellular carcinoma","DOID","Liver Cancer",,"Solid Tumor"
25,686,"liver carcinoma","DOID","Liver Cancer",,"Solid Tumor"
26,687,"hepatoblastoma","DOID","Liver Cancer",,"Solid Tumor"
27,706,"mature B-cell neoplasm","DOID","Lymphoma (Non-Hodgkin's)",,"Hematologic"
28,707,"B-cell lymphoma","DOID","Lymphoma (Non-Hodgkin's)",,"Hematologic"
29,711,"refractory hairy cell leukemia","DOID",,,
30,712,"refractory hematologic cancer","DOID",,,
31,715,"T-cell leukemia","DOID","Lymphoma (Mature T/NK-Cell)",,"Hematologic"
32,734,"urethra cancer","DOID","Urothelial Carcinoma",,"Solid Tumor"
33,768,"retinoblastoma","DOID","Eye and Adnexa Cancers",,"Solid Tumor"
34,769,"neuroblastoma","DOID","Brain and Nervous System Cancer",,"Solid Tumor"
35,833,"auditory system cancer","DOID",,,
36,901,"liver lymphoma","DOID",,,
37,962,"neurofibroma","DOID","Sarcoma",,"Solid Tumor"
38,1035,"natural killer cell leukemia","DOID",,,
39,1036,"chronic leukemia","DOID","Leukemia (Unspecified)",,"Hematologic"
40,1037,"lymphoblastic leukemia","DOID","Lymphoid Leukemia",,"Hematologic"
41,1039,"prolymphocytic leukemia","DOID",,,
42,1040,"chronic lymphocytic leukemia","DOID","Lymphoid Leukemia",,"Hematologic"
43,1107,"esophageal carcinoma","DOID","Esophageal Cancer",,"Solid Tumor"
44,1115,"sarcoma","DOID","Sarcoma",,"Solid Tumor"
45,1240,"leukemia","DOID","Leukemia (Unspecified)",,"Hematologic"
46,1245,"vulva cancer","DOID","Female Genital Organ Cancer",,"Solid Tumor"
47,1294,"vulva carcinoma","DOID","Female Genital Organ Cancer",,"Solid Tumor"
48,1319,"brain cancer","DOID","Brain and Nervous System Cancer",,"Solid Tumor"
49,1324,"lung cancer","DOID","Non-Small Cell Lung Cancer",,"Solid Tumor"
51,1380,"endometrial cancer","DOID","Endometrial Cancer",,"Solid Tumor"
52,1520,"colon carcinoma","DOID","Colorectal Cancer",,"Solid Tumor"
53,1540,"parathyroid carcinoma","DOID","Head and Neck Cancer",,"Solid Tumor"
54,1542,"head and neck carcinoma","DOID","Head and Neck Cancer",,"Solid Tumor"
55,1612,"breast cancer","DOID","Breast Cancer",,"Solid Tumor"
56,1660,"maligt pineal area germ cell neoplasm","DOID","Germ Cell Cancer",,"Solid Tumor"
57,1664,"pineoblastoma","DOID","Brain and Nervous System Cancer",,"Solid Tumor"
58,1703,"Richter's syndrome","DOID","Lymphoid Leukemia",,"Hematologic"
59,1725,"peritoneum cancer","DOID","Retroperitoneum and Peritoneum Cancer",,"Solid Tumor"
60,1749,"squamous cell carcinoma","DOID","Squamous Cell Carcinoma of Head and Neck",,"Solid Tumor"
61,1752,"ocular melanoma","DOID","Eye and Adnexa Cancers",,"Solid Tumor"
62,1781,"thyroid cancer","DOID","Thyroid Cancer",,"Solid Tumor"
63,1785,"pituitary cancer","DOID","Head and Neck Cancer",,"Solid Tumor"
64,1788,"peritoneal mesothelioma","DOID","Mesothelioma",,"Solid Tumor"
65,1790,"maligt mesothelioma","DOID","Mesothelioma",,"Solid Tumor"
66,1791,"peritoneal carcinoma","DOID","Retroperitoneum and Peritoneum",,"Solid Tumor"
67,1793,"pancreatic cancer","DOID","Pancreatic Cancer",,"Solid Tumor"
68,1798,"pancreatic endocrine carcinoma","DOID","Neuroendocrine Tumors",,"Solid Tumor"
69,1799,"islet cell tumor","DOID","Neuroendocrine Tumors",,"Solid Tumor"
70,1800,"neuroendocrine carcinoma","DOID","Neuroendocrine Tumors",,"Solid Tumor"
71,1816,"angiosarcoma","DOID","Sarcoma",,"Solid Tumor"
72,1907,"maligt fibroxanthoma","DOID","Sarcoma",,"Solid Tumor"
73,1909,"melanoma","DOID","Melanoma",,"Solid Tumor"
74,1963,"fallopian tube carcinoma","DOID","Ovarian Cancer",,"Solid Tumor"
75,1964,"fallopian tube cancer","DOID","Ovarian Cancer",,"Solid Tumor"
76,1967,"leiomyosarcoma","DOID","Sarcoma",,"Solid Tumor"
77,1970,"fallopian tube carcinosarcoma","DOID","Sarcoma",,"Solid Tumor"
78,1984,"rectal neoplasm","DOID","Colorectal Cancer",,"Solid Tumor"
79,1993,"rectum cancer","DOID","Colorectal Cancer",,"Solid Tumor"
80,1996,"rectum adenocarcinoma","DOID","Colorectal Cancer",,"Solid Tumor"
81,2024,"placental choriocarcinoma","DOID","Germ Cell Cancer",,"Solid Tumor"
82,2072,"vulvar squamous tumor","DOID","Female Genital Organ Cancer",,"Solid Tumor"
83,2093,"vulvar melanoma","DOID","Melanoma",,"Solid Tumor"
84,2095,"sweat gland cancer","DOID",,,
85,2098,"vulva adenocarcinoma","DOID","Female Genital Organ Cancer",,"Solid Tumor"
86,2101,"vulva squamous cell carcinoma","DOID","Female Genital Organ Cancer",,"Solid Tumor"
87,2129,"atypical teratoid rhabdoid tumor","DOID","Brain and Nervous System Cancer",,"Solid Tumor"
88,2132,"brain sarcoma","DOID","Sarcoma",,"Solid Tumor"
89,2133,"central nervous system sarcoma","DOID","Sarcoma",,"Solid Tumor"
90,2152,"ovary epithelial cancer","DOID","Ovarian Cancer",,"Solid Tumor"
91,2154,"nephroblastoma","DOID","Kidney Cancer",,"Solid Tumor"
92,2156,"ovarian germ cell cancer","DOID","Germ Cell Cancer",,"Solid Tumor"
93,2224,"essential thrombocythemia","DOID",,,
94,2226,"myeloproliferative neoplasm","DOID",,,
95,2394,"ovarian cancer","DOID","Ovarian Cancer",,"Solid Tumor"
96,2513,"basal cell carcinoma","DOID","Skin Basal Cell Carcinoma",,"Solid Tumor"
97,2526,"prostate adenocarcinoma","DOID","Prostate Cancer",,"Solid Tumor"
98,2531,"hematologic cancer","DOID",,,
99,2596,"larynx cancer","DOID","Head and Neck Cancer",,"Solid Tumor"
100,2600,"laryngeal carcinoma","DOID","Head and Neck Cancer",,"Solid Tumor"
101,2602,"chondroma","DOID","Sarcoma",,"Solid Tumor"
102,2615,"papilloma","DOID",,,
103,2621,"autonomic nervous system neoplasm","DOID","Brain and Nervous System Cancer",,"Solid Tumor"
104,2626,"choroid plexus papilloma","DOID","Brain and Nervous System Cancer",,"Solid Tumor"
106,2643,"perivascular epithelioid cell tumor","DOID","Sarcoma",,"Solid Tumor"
107,2671,"transitional cell carcinoma","DOID","Urothelial Carcinoma",,"Solid Tumor"
108,2704,"maligt giant cell tumor of the tendon sheath","DOID",,,
109,2784,"lung sarcoma","DOID","Sarcoma",,"Solid Tumor"
110,2870,"endometrial adenocarcinoma","DOID","Endometrial Cancer",,"Solid Tumor"
111,2871,"endometrial carcinoma","DOID","Endometrial Cancer",,"Solid Tumor"
112,2876,"laryngeal squamous cell carcinoma","DOID","Head and Neck Cancer",,
113,2893,"cervix carcinoma","DOID","Cervical Cancer",,"Solid Tumor"
114,2992,"prostate neuroendocrine neoplasm","DOID","Neuroendocrine Tumors",,"Solid Tumor"
115,2994,"germ cell cancer","DOID","Germ Cell Cancer",,"Solid Tumor"
116,2998,"testicular cancer","DOID","Male Genital Organ Cancer",,"Solid Tumor"
117,2999,"granulosa cell tumor","DOID","Ovarian Cancer",,"Solid Tumor"
118,3008,"invasive ductal carcinoma","DOID","Breast Cancer",,"Solid Tumor"
119,3010,"lobular neoplasia","DOID",,,
120,3025,"acinar cell carcinoma","DOID","Pancreatic Cancer",,"Solid Tumor"
121,3026,"metastatic prostatic adenocarcinoma","DOID","Prostate Cancer",,"Solid Tumor"
122,3029,"colon mucinous adenocarcinoma","DOID","Colorectal Cancer",,"Solid Tumor"
123,3030,"mucinous adenocarcinoma","DOID",,,
124,3068,"glioblastoma multiforme","DOID","Brain and Nervous System Cancer",,"Solid Tumor"
125,3069,"astrocytoma","DOID","Brain and Nervous System Cancer",,"Solid Tumor"
126,3070,"maligt glioma","DOID","Brain and Nervous System Cancer",,"Solid Tumor"
127,3071,"gliosarcoma","DOID","Brain and Nervous System Cancer",,"Solid Tumor"
128,3073,"brain glioblastoma multiforme","DOID","Brain and Nervous System Cancer",,"Solid Tumor"
129,3074,"giant cell glioblastoma","DOID","Brain and Nervous System Cancer",,"Solid Tumor"
130,3078,"grade III astrocytoma","DOID","Brain and Nervous System Cancer",,"Solid Tumor"
131,3079,"juvenile astrocytoma","DOID","Brain and Nervous System Cancer",,"Solid Tumor"
132,3114,"serous cystadenocarcinoma","DOID",,,
133,3119,"gastrointestinal system cancer","DOID","Gastric Cancer",,"Solid Tumor"
134,3121,"gallbladder cancer","DOID","Gallbladder Cancer",,"Solid Tumor"
135,3149,"keratoacanthoma","DOID",,,
136,3151,"skin squamous cell carcinoma","DOID","Skin (Squamous Cell Carcinoma)",,"Solid Tumor"
137,3162,"maligt spindle cell melanoma","DOID","Melanoma",,"Solid Tumor"
138,3181,"oligodendroglioma","DOID","Brain and Nervous System Cancer",,"Solid Tumor"
139,3185,"spinal cord glioma","DOID","Brain and Nervous System Cancer",,"Solid Tumor"
140,3186,"adult oligodendroglioma","DOID","Brain and Nervous System Cancer",,"Solid Tumor"
141,3187,"brain oligodendroglioma","DOID","Brain and Nervous System Cancer",,"Solid Tumor"
142,3192,"neurilemmoma","DOID","Brain and Nervous System Cancer",,"Solid Tumor"
143,3193,"peripheral nerve sheath neoplasm","DOID","Sarcoma",,"Solid Tumor"
144,3234,"central nervous system lymphoma","DOID","Brain and Nervous System Cancer",,"Solid Tumor"
145,3246,"embryonal rhabdomyosarcoma","DOID","Sarcoma",,"Solid Tumor"
146,3247,"rhabdomyosarcoma","DOID","Sarcoma",,"Solid Tumor"
147,3250,"pleomorphic rhabdomyosarcoma","DOID","Sarcoma",,"Solid Tumor"
148,3275,"thymoma","DOID","Thymic Cancer",,"Solid Tumor"
149,3277,"thymus cancer","DOID","Thymic Cancer",,"Solid Tumor"
150,3284,"thymic carcinoma","DOID","Thymic Cancer",,"Solid Tumor"
151,3302,"chordoma","DOID","Sarcoma",,"Solid Tumor"
152,3307,"teratoma","DOID",,,
153,3315,"lipoma","DOID",,,
154,3347,"osteosarcoma","DOID","Osteosarcoma",,"Solid Tumor"
155,3352,"maligt fibrous histiocytoma of bone","DOID","Sarcoma",,"Solid Tumor"
156,3355,"fibrosarcoma","DOID","Sarcoma",,"Solid Tumor"
157,3357,"extraosseous osteosarcoma","DOID","Osteosarcoma",,"Solid Tumor"
158,3368,"bone Ewing's sarcoma","DOID","Sarcoma",,"Solid Tumor"
159,3369,"Ewing sarcoma","DOID","Sarcoma",,"Solid Tumor"
160,3371,"chondrosarcoma","DOID","Sarcoma",,"Solid Tumor"
161,3382,"liposarcoma","DOID","Sarcoma",,"Solid Tumor"
162,3405,"histiocytosis","DOID","Sarcoma",,"Solid Tumor"
163,3444,"scrotum Paget's disease","DOID","Male Genital Organ Cancer",,"Solid Tumor"
164,3450,"cutaneous Paget's disease","DOID",,,
165,3451,"skin carcinoma","DOID","Melanoma",,"Solid Tumor"
166,3457,"invasive lobular carcinoma","DOID","Breast Cancer",,"Solid Tumor"
167,3458,"breast adenocarcinoma","DOID","Breast Cancer",,"Solid Tumor"
168,3459,"breast carcinoma","DOID","Breast Cancer",,"Solid Tumor"
169,3479,"uveal cancer","DOID","Eye and Adnexa Cancers",,"Solid Tumor"
170,3498,"pancreatic ductal adenocarcinoma","DOID","Pancreatic Adenocarcinoma",,"Solid Tumor"
171,3500,"gallbladder adenocarcinoma","DOID","Gallbladder Cancer",,"Solid Tumor"
172,3502,"ampulla of Vater adenocarcinoma","DOID","Liver Cancer",,"Solid Tumor"
173,3507,"dermatofibrosarcoma protuberans","DOID","Sarcoma",,"Solid Tumor"
174,3512,"neurofibrosarcoma","DOID","Sarcoma",,"Solid Tumor"
175,3516,"adult fibrosarcoma","DOID","Sarcoma",,"Solid Tumor"
176,3520,"pediatric fibrosarcoma","DOID","Sarcoma",,"Solid Tumor"
177,3559,"pseudomyxoma peritonei","DOID",,,
178,3565,"meningioma","DOID","Brain and Nervous System Cancer",,"Solid Tumor"
179,3571,"liver cancer","DOID","Liver Cancer",,"Solid Tumor"
180,3587,"pancreatic ductal carcinoma","DOID","Pancreatic Cancer",,"Solid Tumor"
181,3590,"gestational trophoblastic neoplasm","DOID",,,
182,3594,"choriocarcinoma","DOID","Germ Cell Cancer",,"Solid Tumor"
183,3596,"placental site trophoblastic tumor","DOID",,,
184,3603,"mucinous cystadenocarcinoma","DOID",,,
185,3604,"ovarian mucinous cystadenocarcinoma","DOID","Ovarian Cancer",,"Solid Tumor"
186,3606,"ovarian mucinous adenocarcinoma","DOID","Ovarian Cancer",,"Solid Tumor"
187,3608,"appendix adenocarcinoma","DOID","Colorectal Cancer",,"Solid Tumor"
188,3620,"central nervous system cancer","DOID","Brain and Nervous System Cancer",,"Solid Tumor"
189,3664,"mast cell neoplasm","DOID","Leukemia (Other)",,"Hematologic"
190,3672,"rhabdoid cancer","DOID","Sarcoma",,"Solid Tumor"
191,3674,"kidney rhabdoid cancer","DOID","Sarcoma",,"Solid Tumor"
192,3675,"childhood kidney neoplasm","DOID","Kidney Cancer",,"Solid Tumor"
193,3702,"cervical adenocarcinoma","DOID","Cervical Cancer",,"Solid Tumor"
194,3706,"fallopian tube adenocarcinoma","DOID","Ovarian Cancer",,"Solid Tumor"
195,3707,"endometrial mucinous adenocarcinoma","DOID","Endometrial Cancer",,"Solid Tumor"
196,3709,"rectum mucinous adenocarcinoma","DOID","Colorectal Cancer",,"Solid Tumor"
197,3711,"bladder adenocarcinoma","DOID","Urothelial Carcinoma",,"Solid Tumor"
198,3713,"ovary adenocarcinoma","DOID","Ovarian Cancer",,"Solid Tumor"
199,3717,"gastric adenocarcinoma","DOID","Gastric Cancer",,"Solid Tumor"
200,3721,"plasmacytoma","DOID",,,
201,3742,"bladder squamous cell carcinoma","DOID","Urothelial Carcinoma",,"Solid Tumor"
202,3744,"cervical squamous cell carcinoma","DOID","Cervical Cancer",,"Solid Tumor"
203,3748,"esophagus squamous cell carcinoma","DOID","Squamous Cell Carcinoma of Head and Neck",,"Solid Tumor"
204,3750,"urethra squamous cell carcinoma","DOID","Urothelial Carcinoma",,"Solid Tumor"
205,3752,"larynx verrucous carcinoma","DOID","Head and Neck Cancer",,"Solid Tumor"
206,3840,"craniopharyngioma","DOID","Brain and Nervous System Cancer",,"Solid Tumor"
207,3847,"papillary craniopharyngioma","DOID","Brain and Nervous System Cancer",,"Solid Tumor"
208,3857,"large cell medulloblastoma","DOID","Brain and Nervous System Cancer",,"Solid Tumor"
209,3858,"medulloblastoma","DOID","Brain and Nervous System Cancer",,"Solid Tumor"
210,3869,"childhood medulloblastoma","DOID","Brain and Nervous System Cancer",,"Solid Tumor"
211,3872,"leptomeningeal metastases","DOID","Brain and Nervous System Cancer",,"Solid Tumor"
212,3873,"nodular medulloblastoma","DOID","Brain and Nervous System Cancer",,"Solid Tumor"
213,3892,"insulinoma","DOID",,,
214,3896,"hidradenoma","DOID",,,
215,3905,"lung carcinoma","DOID","Non-Small Cell Lung Cancer",,"Solid Tumor"
216,3907,"lung squamous cell carcinoma","DOID","Non-Small Cell Lung Cancer",,"Solid Tumor"
217,3908,"non-small cell lung carcinoma","DOID","Non-Small Cell Lung Cancer",,"Solid Tumor"
218,3910,"lung adenocarcinoma","DOID","Non-Small Cell Lung Cancer",,"Solid Tumor"
219,3948,"adrenocortical carcinoma","DOID","Adrenal Gland Cancer",,"Solid Tumor"
220,3950,"adrenal carcinoma","DOID","Adrenal Gland Cancer",,"Solid Tumor"
221,3953,"adrenal gland cancer","DOID","Adrenal Gland Cancer",,"Solid Tumor"
222,3962,"follicular thyroid carcinoma","DOID","Thyroid Cancer",,"Solid Tumor"
223,3963,"thyroid carcinoma","DOID","Thyroid Cancer",,"Solid Tumor"
224,3965,"Merkel cell carcinoma","DOID","Merkel Cell Carcinoma",,"Solid Tumor"
225,3969,"papillary thyroid carcinoma","DOID","Thyroid Cancer",,"Solid Tumor"
226,3973,"thyroid medullary carcinoma","DOID","Medullary Thyroid Cancer",,"Solid Tumor"
227,3996,"urinary system cancer","DOID","Bladder Cancer",,"Solid Tumor"
228,4001,"ovarian carcinoma","DOID","Ovarian Cancer",,"Solid Tumor"
229,4005,"endometrial transitional cell carcinoma","DOID","Endometrial Cancer",,"Solid Tumor"
230,4006,"bladder urothelial carcinoma","DOID","Urothelial Carcinoma",,"Solid Tumor"
231,4007,"bladder carcinoma","DOID","Urothelial Carcinoma",,"Solid Tumor"
232,4011,"prostate transitional cell carcinoma","DOID","Prostate Cancer",,"Solid Tumor"
233,4013,"urethra transitional cell carcinoma","DOID","Urothelial Carcinoma",,"Solid Tumor"
234,4015,"spindle cell carcinoma","DOID","Sarcoma",,"Solid Tumor"
235,4051,"alveolar rhabdomyosarcoma","DOID","Sarcoma",,"Solid Tumor"
236,4074,"pancreatic adenocarcinoma","DOID","Pancreatic Adenocarcinoma",,"Solid Tumor"
237,4085,"trophoblastic neoplasm","DOID",,,
238,4118,"colon neuroendocrine neoplasm","DOID","Neuroendocrine Tumors",,"Solid Tumor"
239,4136,"myxosarcoma","DOID","Sarcoma",,"Solid Tumor"
240,4143,"orbital cancer","DOID",,,
241,4153,"spinal chordoma","DOID","Neuroendocrine Tumors",,"Solid Tumor"
242,4159,"skin cancer","DOID","Melanoma",,"Solid Tumor"
243,4163,"ganglioneuroblastoma","DOID","Brain and Nervous System Cancer",,"Solid Tumor"
244,4202,"brain stem glioma","DOID","Brain and Nervous System Cancer",,"Solid Tumor"
245,4203,"brain stem cancer","DOID","Brain and Nervous System Cancer",,"Solid Tumor"
246,4217,"maligt ovarian Brenner tumor","DOID","Ovarian Cancer",,"Solid Tumor"
247,4226,"endometrial stromal sarcoma","DOID","Sarcoma",,"Solid Tumor"
248,4230,"smooth muscle cancer","DOID","Sarcoma",,"Solid Tumor"
249,4231,"histiocytoma","DOID","Sarcoma",,"Solid Tumor"
250,4232,"extraosseous Ewing's sarcoma","DOID","Sarcoma",,"Solid Tumor"
251,4233,"clear cell sarcoma","DOID","Sarcoma",,"Solid Tumor"
252,4235,"spindle cell sarcoma","DOID","Sarcoma",,"Solid Tumor"
253,4236,"carcinosarcoma","DOID","Sarcoma",,"Solid Tumor"
254,4239,"alveolar soft part sarcoma","DOID","Sarcoma",,"Solid Tumor"
255,4280,"nodular basal cell carcinoma","DOID","Skin Basal Cell Carcinoma",,"Solid Tumor"
256,4304,"signet ring basal cell carcinoma","DOID",,,
257,4305,"bone giant cell tumor","DOID","Sarcoma",,"Solid Tumor"
258,4358,"metastatic melanoma","DOID","Melanoma",,"Solid Tumor"
259,4362,"cervical cancer","DOID","Cervical Cancer",,"Solid Tumor"
260,4415,"fibrous histiocytoma","DOID","Sarcoma",,"Solid Tumor"
261,4430,"somatostatinoma","DOID",,,
262,4434,"small intestine neuroendocrine neoplasm","DOID","Neuroendocrine Tumors",,"Solid Tumor"
263,4440,"seminoma","DOID","Germ Cell Cancer",,"Solid Tumor"
264,4450,"renal cell carcinoma","DOID","Kidney Cancer",,"Solid Tumor"
265,4451,"renal carcinoma","DOID","Colorectal Cancer",,"Solid Tumor"
266,4464,"collecting duct carcinoma","DOID","Kidney Cancer",,"Solid Tumor"
267,4465,"papillary renal cell carcinoma","DOID","Kidney Cancer",,"Solid Tumor"
268,4467,"clear cell renal cell carcinoma","DOID","Kidney Cancer",,"Solid Tumor"
269,4471,"chromophobe renal cell carcinoma","DOID","Kidney Cancer",,"Solid Tumor"
270,4473,"sarcomatoid renal cell carcinoma","DOID","Kidney Cancer",,"Solid Tumor"
271,4486,"maligt biphasic mesothelioma","DOID","Mesothelioma",,"Solid Tumor"
272,4488,"sarcomatoid mesothelioma","DOID","Mesothelioma",,"Solid Tumor"
273,4489,"maligt epithelial mesothelioma","DOID","Mesothelioma",,"Solid Tumor"
274,4490,"maligt peritoneal solitary fibrous tumor","DOID","Retroperitoneum and Peritoneum Cancer",,"Solid Tumor"
275,4511,"breast angiosarcoma","DOID","Sarcoma",,"Solid Tumor"
276,4517,"skin angiosarcoma","DOID","Sarcoma",,"Solid Tumor"
277,4545,"mesenchymal chondrosarcoma","DOID","Sarcoma",,"Solid Tumor"
278,4556,"lung large cell carcinoma","DOID","Non-Small Cell Lung Cancer",,"Solid Tumor"
279,4606,"bile duct cancer","DOID","Liver Cancer",,"Solid Tumor"
280,4607,"biliary tract cancer","DOID","Liver Cancer",,"Solid Tumor"
281,4653,"intraocular retinoblastoma","DOID",,,
282,4660,"indolent systemic mastocytosis","DOID",,,
283,4680,"breast metaplastic carcinoma","DOID","Breast Cancer",,"Solid Tumor"
284,4682,"extrahepatic bile duct carcinoma","DOID","Liver Cancer",,"Solid Tumor"
285,4715,"gastric neuroendocrine neoplasm","DOID","Neuroendocrine Tumors",,"Solid Tumor"
286,4757,"sex cord-stromal neoplasm","DOID",,,
287,4790,"medulloepithelioma","DOID","Brain and Nervous System Cancer",,"Solid Tumor"
288,4791,"supratentorial primitive neuroectodermal tumor","DOID","Brain and Nervous System Cancer",,"Solid Tumor"
289,4794,"ependymoblastoma","DOID","Brain and Nervous System Cancer",,"Solid Tumor"
290,4813,"adult brain stem glioma","DOID","Brain and Nervous System Cancer",,"Solid Tumor"
291,4817,"ganglioneuroma","DOID","Brain and Nervous System Cancer",,"Solid Tumor"
292,4838,"myoepithelial carcinoma","DOID","Head and Neck Cancer",,"Solid Tumor"
293,4840,"sebaceous carcinoma","DOID",,,
294,4845,"pilomyxoid astrocytoma","DOID","Brain and Nervous System Cancer",,"Solid Tumor"
295,4851,"pilocytic astrocytoma","DOID","Brain and Nervous System Cancer",,"Solid Tumor"
296,4852,"pleomorphic xanthoastrocytoma","DOID","Brain and Nervous System Cancer",,"Solid Tumor"
297,4860,"brain stem astrocytic neoplasm","DOID","Brain and Nervous System Cancer",,"Solid Tumor"
298,4866,"salivary gland adenoid cystic carcinoma","DOID","Head and Neck Cancer",,"Solid Tumor"
299,4871,"cutaneous adenocystic carcinoma","DOID",,,
300,4876,"trachea carcinoma","DOID","Head and Neck Cancer",,"Solid Tumor"
301,4878,"esophageal adenoid cystic carcinoma","DOID","Esophageal Cancer",,"Solid Tumor"
302,4880,"kidney clear cell sarcoma","DOID","Sarcoma",,"Solid Tumor"
303,4896,"bile duct adenocarcinoma","DOID","Liver Cancer",,"Solid Tumor"
304,4897,"bile duct carcinoma","DOID","Liver Cancer",,"Solid Tumor"
305,4901,"peritoneal serous adenocarcinoma","DOID","Retroperitoneum and Peritoneum Cancer",,"Solid Tumor"
306,4902,"appendix carcinoma","DOID","Colorectal Cancer",,"Solid Tumor"
307,4905,"pancreatic carcinoma","DOID","Pancreatic Cancer",,"Solid Tumor"
308,4906,"small intestine adenocarcinoma","DOID","Small Intestine Cancer",,"Solid Tumor"
309,4907,"small intestine carcinoma","DOID","Small Intestine Cancer",,"Solid Tumor"
310,4908,"anal carcinoma","DOID","Colorectal Cancer",,"Solid Tumor"
311,4910,"urethra adenocarcinoma","DOID","Urothelial Carcinoma",,"Solid Tumor"
312,4914,"esophagus adenocarcinoma","DOID","Esophageal Cancer",,"Solid Tumor"
313,4916,"pituitary carcinoma","DOID","Brain and Nervous System Cancer",,"Solid Tumor"
314,4918,"renal pelvis adenocarcinoma","DOID","Kidney Cancer",,"Solid Tumor"
315,4919,"renal pelvis carcinoma","DOID","Kidney Cancer",,"Solid Tumor"
316,4926,"bronchiolo-alveolar adenocarcinoma","DOID","Non-Small Cell Lung Cancer",,"Solid Tumor"
317,4927,"Klatskin's tumor","DOID","Liver Cancer",,"Solid Tumor"
318,4928,"intrahepatic cholangiocarcinoma","DOID","Liver Cancer",,"Solid Tumor"
319,4930,"nasal cavity adenocarcinoma","DOID","Head and Neck Cancer",,"Solid Tumor"
320,4931,"nasal cavity carcinoma","DOID","Head and Neck Cancer",,"Solid Tumor"
321,4932,"ampulla of Vater carcinoma","DOID","Pancreatic Cancer",,"Solid Tumor"
322,4934,"apocrine sweat gland cancer","DOID",,,
323,4938,"ureter adenocarcinoma","DOID","Urothelial Carcinoma",,"Solid Tumor"
324,4939,"ureter carcinoma","DOID","Urothelial Carcinoma",,"Solid Tumor"
325,4944,"gastroesophageal junction adenocarcinoma","DOID","Gastroesophageal Junction Adenocarcinoma",,"Solid Tumor"
326,4947,"cholangiocarcinoma","DOID","Liver Cancer",,"Solid Tumor"
327,4948,"gallbladder carcinoma","DOID","Gallbladder Cancer",,"Solid Tumor"
328,4960,"bone marrow cancer","DOID","Multiple Myeloma",,"Hematologic"
329,4971,"myelofibrosis","DOID",,,
330,4972,"myelodysplastic/myeloproliferative neoplasm","DOID","Myelodysplastic Syndromes",,"Hematologic"
331,4992,"optic nerve glioma","DOID",,,
332,5006,"adult primary liver cancer","DOID","Liver Cancer",,"Solid Tumor"
333,5015,"fibrolamellar carcinoma","DOID","Liver Cancer",,"Solid Tumor"
334,5027,"recurrent hepatocellular carcinoma","DOID","Liver Cancer",,"Solid Tumor"
335,5032,"pineal gland cancer","DOID","Brain and Nervous System Cancer",,"Solid Tumor"
336,5041,"esophageal cancer","DOID","Esophageal Cancer",,"Solid Tumor"
337,5063,"basosquamous carcinoma","DOID","Skin Basal Cell Carcinoma",,"Solid Tumor"
338,5074,"maligt ependymoma","DOID","Brain and Nervous System Cancer",,"Solid Tumor"
339,5076,"mixed glioma","DOID","Brain and Nervous System Cancer",,"Solid Tumor"
340,5077,"subependymal giant cell astrocytoma","DOID","Brain and Nervous System Cancer",,"Solid Tumor"
341,5078,"ganglioglioma","DOID","Brain and Nervous System Cancer",,"Solid Tumor"
342,5088,"mixed epithelial stromal tumour","DOID","Sarcoma",,"Solid Tumor"
343,5138,"leiomyomatosis","DOID",,,
344,5151,"plexiform neurofibroma","DOID",,,
345,5158,"pleural cancer","DOID","Sarcoma",,"Solid Tumor"
346,5165,"uterine corpus sarcoma","DOID","Sarcoma",,"Solid Tumor"
347,5166,"endometrial stromal tumor","DOID","Sarcoma",,"Solid Tumor"
348,5176,"renal Wilms' tumor","DOID","Sarcoma",,"Solid Tumor"
349,5193,"nodular ganglioneuroblastoma","DOID","Brain and Nervous System Cancer",,"Solid Tumor"
350,5246,"hilar cholangiocellular carcinoma","DOID","Liver Cancer",,"Solid Tumor"
351,5289,"uterus leiomyosarcoma","DOID","Sarcoma",,"Solid Tumor"
352,5299,"endometrial clear cell adenocarcinoma","DOID","Endometrial Cancer",,"Solid Tumor"
353,5301,"fallopian tube clear cell adenocarcinoma","DOID","Ovarian Cancer",,"Solid Tumor"
354,5304,"ovarian clear cell adenocarcinoma","DOID","Ovarian Cancer",,"Solid Tumor"
355,5345,"testicular non-seminomatous germ cell cancer","DOID","Germ Cell Cancer",,"Solid tumor"
356,5363,"myxoid liposarcoma","DOID","Sarcoma",,"Solid Tumor"
357,5394,"prolactinoma","DOID",,,
358,5409,"lung small cell carcinoma","DOID","Small Cell Lung Cancer",,"Solid Tumor"
359,5410,"pulmonary neuroendocrine tumor","DOID","Neuroendocrine Tumors",,"Solid Tumor"
360,5432,"bladder papillary transitional cell neoplasm","DOID","Bladder Cancer",,"Solid Tumor"
361,5485,"synovial sarcoma","DOID","Sarcoma",,"Solid Tumor"
362,5486,"metastatic synovial sarcoma","DOID","Sarcoma",,"Solid Tumor"
363,5500,"cellular ependymoma","DOID","Brain and Nervous System Cancer",,"Solid Tumor"
364,5503,"spinal cord ependymoma","DOID","Brain and Nervous System Cancer",,"Solid Tumor"
365,5505,"papillary ependymoma","DOID","Brain and Nervous System Cancer",,"Solid Tumor"
366,5507,"clear cell ependymoma","DOID","Brain and Nervous System Cancer",,"Solid Tumor"
367,5509,"pediatric ependymoma","DOID","Brain and Nervous System Cancer",,"Solid Tumor"
368,5515,"nasal cavity squamous cell carcinoma","DOID","Head and Neck Cancer",,"Solid Tumor"
369,5516,"gastric squamous cell carcinoma","DOID","Gastric Cancer",,"Solid Tumor"
370,5517,"stomach carcinoma","DOID","Gastric Cancer",,"Solid Tumor"
371,5518,"penis squamous cell carcinoma","DOID","Male Genital Organ Cancer",,"Solid Tumor"
372,5520,"head and neck squamous cell carcinoma","DOID","Squamous Cell Carcinoma of Head and Neck",,"Solid Tumor"
373,5525,"anal squamous cell carcinoma","DOID","Colorectal Cancer",,"Solid Tumor"
374,5528,"rectum squamous cell carcinoma","DOID","Colorectal Cancer",,"Solid Tumor"
375,5531,"ovarian squamous cell carcinoma","DOID","Ovarian Cancer",,"Solid Tumor"
376,5533,"endometrial squamous cell carcinoma","DOID","Endometrial Cancer",,"Solid Tumor"
377,5534,"renal pelvis squamous cell carcinoma","DOID","Kidney Cancer",,"Solid Tumor"
378,5539,"ureter squamous cell carcinoma","DOID","Urothelial Carcinoma",,"Solid Tumor"
379,5557,"testicular germ cell cancer","DOID","Germ Cell Cancer",,"Solid Tumor"
380,5559,"mediastinal cancer","DOID",,,
381,5569,"maligt syringoma","DOID",,,
382,5570,"maligt acrospiroma","DOID",,,
383,5574,"VIPoma","DOID",,,
384,5577,"gastrinoma","DOID","Neuroendocrine Tumors",,"Solid Tumor"
385,5588,"lung papillary adenocarcinoma","DOID","Non-Small Cell Lung Cancer",,"Solid Tumor"
386,5590,"aggressive digital papillary adenocarcinoma","DOID",,,
387,5592,"breast papillary carcinoma","DOID","Breast Cancer",,"Solid Tumor"
388,5598,"fallopian tube serous adenocarcinoma","DOID","Ovarian Cancer",,"Solid Tumor"
389,5599,"precursor T-lymphoblastic lymphoma/leukemia","DOID",,,
390,5600,"precursor lymphoblastic lymphoma/leukemia","DOID","Leukemia (Other)",,"Hematologic"
391,5602,"T-cell adult acute lymphocytic leukemia","DOID","Lymphoid Leukemia",,"Hematologic"
392,5603,"acute T cell leukemia","DOID","Lymphoid Leukemia",,"Hematologic"
393,5621,"histiocytic and dendritic cell cancer","DOID","Brain and Nervous System Cancer",,"Solid Tumor"
394,5625,"esophageal adenosquamous carcinoma","DOID","Esophageal Cancer",,"Solid Tumor"
395,5635,"gastric adenosquamous carcinoma","DOID","Gastric Cancer",,"Solid Tumor"
396,5636,"cervical adenosquamous carcinoma","DOID","Cervical Cancer",,"Solid Tumor"
397,5648,"choroid plexus carcinoma","DOID","Brain and Nervous System Cancer",,"Solid Tumor"
398,5660,"lymphoepithelioma-like carcinoma","DOID",,,
399,5667,"sweat gland carcinoma","DOID",,,
400,5672,"large intestine cancer","DOID","Colorectal Cancer",,"Solid Tumor"
401,5680,"embryonal testis carcinoma","DOID",,,
402,5692,"cellular myxoid liposarcoma","DOID","Sarcoma",,"Solid Tumor"
403,5693,"adult liposarcoma","DOID","Sarcoma",,"Solid Tumor"
404,5702,"pleomorphic liposarcoma","DOID","Sarcoma",,"Solid Tumor"
405,5719,"adrenal medulla cancer","DOID","Adrenal Gland Cancer",,"Solid Tumor"
406,5742,"pancreatic acinar cell adenocarcinoma","DOID","Pancreatic Adenocarcinoma",,"Solid Tumor"
407,5744,"ovary serous adenocarcinoma","DOID","Ovarian Cancer",,"Solid Tumor"
408,5746,"ovarian serous cystadenocarcinoma","DOID","Ovarian Cancer",,"Solid Tumor"
409,5750,"uterine corpus serous adenocarcinoma","DOID","Endometrial Cancer",,"Solid Tumor"
410,5784,"esophageal neuroendocrine tumor","DOID","Neuroendocrine Tumors",,"Solid Tumor"
411,5822,"gray zone lymphoma","DOID",,,
412,5825,"adult lymphoma","DOID","Hodgkin's Lymphoma",,"Solid Tumor"
413,5828,"endometrioid ovary carcinoma","DOID","Ovarian Cancer",,"Solid Tumor"
414,5831,"fallopian tube endometrioid adenocarcinoma","DOID","Endometrial Cancer",,"Solid Tumor"
415,5861,"myxoid chondrosarcoma","DOID","Sarcoma",,"Solid Tumor"
416,5918,"localized unresectable adult primary liver cancer","DOID","Liver Cancer",,"Solid Tumor"
417,5940,"maligt peripheral nerve sheath tumor","DOID","Brain and Nervous System Cancer",,"Solid Tumor"
418,5974,"renal pelvis transitional cell carcinoma","DOID","Kidney Cancer",,"Solid Tumor"
419,6039,"uveal melanoma","DOID","Eye and Adnexa Cancers",,"Solid Tumor"
420,6067,"ovarian mucinous neoplasm","DOID","Ovarian Cancer",,"Solid Tumor"
421,6086,"maligt leptomeningeal tumor","DOID","Brain and Nervous System Cancer",,"Solid Tumor"
422,6126,"anal canal carcinoma","DOID","Colorectal Cancer",,"Solid Tumor"
423,6128,"gliomatosis cerebri","DOID",,,
424,6166,"prostatic urethra urothelial carcinoma","DOID","Urothelial Carcinoma",,"Solid Tumor"
425,6170,"ovarian carcinosarcoma","DOID","Sarcoma",,"Solid Tumor"
426,6171,"uterine carcinosarcoma","DOID","Sarcoma",,"Solid Tumor"
427,6193,"epithelioid sarcoma","DOID","Sarcoma",,"Solid Tumor"
428,6212,"ovarian endometrial cancer","DOID","Ovarian Cancer",,"Solid Tumor"
429,6262,"follicular dendritic cell sarcoma","DOID","Sarcoma",,"Solid Tumor"
430,6263,"inflammatory breast carcinoma","DOID","Breast Cancer",,"Solid Tumor"
431,6270,"gastric cardia carcinoma","DOID","Gastric Cancer",,"Solid Tumor"
432,6271,"gastric cardia adenocarcinoma","DOID","Gastric Cancer",,"Solid Tumor"
433,6332,"adult maligt hemangiopericytoma","DOID",,,
434,6354,"CLL/SLL","DOID","Lymphoid Leukemia",,"Hematologic"
435,6367,"acral lentiginous melanoma","DOID","Melanoma",,"Solid Tumor"
436,6383,"childhood brain stem glioma","DOID","Brain and Nervous System Cancer",,"Solid Tumor"
437,6477,"invasive bladder transitional cell carcinoma","DOID","Bladder Cancer",,"Solid Tumor"
438,6496,"extraskeletal myxoid chondrosarcoma","DOID","Sarcoma",,"Solid Tumor"
439,6522,"mixed cell uveal melanoma","DOID","Melanoma",,"Solid Tumor"
440,6536,"plasma cell neoplasm","DOID",,,
441,6552,"gastric small cell carcinoma","DOID","Neuroendocrine Tumors",,"Solid Tumor"
442,6566,"posterior uveal melanoma","DOID","Melanoma",,"Solid Tumor"
443,6571,"non-invasive bladder urothelial carcinoma","DOID","Urothelial Carcinoma",,"Solid Tumor"
444,6658,"pulmonary large cell neuroendocrine carcinoma","DOID","Neuroendocrine Tumors",,"Solid Tumor"
445,6659,"cervical large cell neuroendocrine carcinoma","DOID","Neuroendocrine Tumors",,"Solid Tumor"
446,6726,"fibrillary astrocytoma","DOID","Brain and Nervous System Cancer",,"Solid tumor"
447,6811,"juvenile pilocytic astrocytoma","DOID","Brain and Nervous System Cancer",,"Solid Tumor"
448,6812,"childhood pilocytic astrocytoma","DOID","Brain and Nervous System Cancer",,"Solid Tumor"
449,6845,"infiltrating ureter transitional cell carcinoma","DOID","Bladder Cancer",,"Solid Tumor"
450,6868,"mediastinal maligt lymphoma","DOID",,,
451,6886,"ureter small cell carcinoma","DOID","Neuroendocrine Tumors",,"Solid tumor"
452,6888,"ureter transitional cell carcinoma","DOID","Bladder Cancer",,"Solid Tumor"
453,6898,"ovary mixed epithelial carcinoma","DOID","Ovarian Cancer",,"Solid Tumor"
454,6933,"bladder transitional cell papilloma","DOID","Bladder Cancer",,"Solid Tumor"
455,7061,"precursor B lymphoblastic lymphoma/leukemia","DOID",,,
456,7089,"tall cell variant papillary carcinoma","DOID",,,
457,7132,"urinary bladder small cell neuroendocrine carcinoma","DOID","Neuroendocrine Tumors",,"Solid Tumor"
458,7141,"prostate small cell carcinoma","DOID","Neuroendocrine Tumors",,"Solid Tumor"
459,7177,"anal canal squamous cell carcinoma","DOID","Colorectal Cancer",,"Solid Tumor"
460,7212,"meningothelial meningioma","DOID","Melanoma",,"Solid Tumor"
461,7230,"postgerminal center chronic lymphocytic leukemia/small lymphocytic lymphoma","DOID","Lymphoid Leukemia",,"Hematologic"
462,7232,"central nervous system embryonal carcinoma","DOID","Brain and Nervous System Cancer",,"Solid Tumor"
463,7371,"superficial urinary bladder cancer","DOID",,,
464,7379,"adrenal medulla carcinoma","DOID","Adrenal Gland Cancer",,"Solid Tumor"
465,7402,"L-cell glucagon-like peptide producing tumor","DOID",,,
466,7438,"ovarian clear cell cystadenocarcinoma","DOID","Ovarian Cancer",,"Solid Tumor"
467,7474,"maligt pleural mesothelioma","DOID","Mesothelioma",,"Solid Tumor"
468,7486,"metastatic renal cell carcinoma","DOID","Kidney Cancer",,"Solid Tumor"
469,7497,"brain ependymoma","DOID","Brain and Nervous System Cancer",,"Solid Tumor"
470,7519,"endocervical carcinoma","DOID","Cervical Cancer",,"Solid Tumor"
471,7566,"eccrine porocarcinoma","DOID",,,
472,7651,"hypercalcemic type ovarian small cell carcinoma","DOID","Neuroendocrine Tumors",,"Solid Tumor"
473,7757,"childhood leukemia","DOID",,,
474,7808,"necrotic uveal melanoma","DOID","Melanoma",,"Solid Tumor"
475,7848,"interdigitating dendritic cell sarcoma","DOID","Sarcoma",,"Solid Tumor"
476,7912,"mixed oligodendroglioma-astrocytoma","DOID","Brain and Nervous System Cancer",,"Solid Tumor"
477,7936,"precursor T-lymphoblastic lymphoma/leukemia refractory","DOID",,,
478,7958,"sarcomatoid penile squamous cell carcinoma","DOID","Male Genital Organ Cancer",,"Solid Tumor"
479,7960,"maligt spiradenoma","DOID",,,
480,8025,"gastric signet ring cell adenocarcinoma","DOID","Gastric Cancer",,"Solid Tumor"
481,8144,"pregerminal center chronic lymphocytic leukemia/small lymphocytic lymphoma","DOID",,,
482,8161,"thyroid Hurthle cell carcinoma","DOID",,,
483,8282,"adult epithelioid sarcoma","DOID","Sarcoma",,"Solid Tumor"
484,8353,"epithelioid maligt peripheral nerve sheath tumor","DOID","Brain and Nervous System Cancer",,"Solid Tumor"
485,8411,"kidney angiomyolipoma","DOID","Lipomatous Neoplasms",,"Solid Tumor"
486,8418,"congenital fibrosarcoma","DOID","Sarcoma",,"Solid Tumor"
487,8533,"hypopharynx cancer","DOID","Head and Neck Cancer",,"Solid Tumor"
488,8541,"Sezary's disease","DOID",,,
489,8543,"Hodgkin's lymphoma, lymphocytic-histiocytic predomice","DOID","Hodgkin's Lymphoma",,"Hematologic"
490,8552,"chronic myeloid leukemia","DOID","Myeloid Leukemia",,"Hematologic"
491,8557,"oropharynx cancer","DOID","Head and Neck Cancer",,"Solid Tumor"
492,8564,"lip cancer","DOID","Head and Neck Cancer",,"Solid Tumor"
493,8567,"Hodgkin's lymphoma","DOID","Hodgkin's Lymphoma",,"Hematologic"
494,8578,"soft palate cancer","DOID","Head and Neck Cancer",,"Solid Tumor"
495,8584,"Burkitt lymphoma","DOID","Non-Hodgkin's Lymphoma",,"Solid Tumor"
496,8618,"oral cavity cancer","DOID","Head and Neck Cancer",,"Solid Tumor"
497,8628,"Hodgkin's lymphoma, lymphocytic depletion","DOID",,,
498,8632,"Kaposi's sarcoma","DOID","Kaposi's Sarcoma",,"Solid Tumor"
499,8654,"Hodgkin's lymphoma, mixed cellularity","DOID",,,
500,8683,"myeloid sarcoma","DOID","Sarcoma",,"Solid Tumor"
501,8691,"mycosis fungoides","DOID",,,
502,8692,"myeloid leukemia","DOID","Myeloid Leukemia",,"Hematologic"
503,8747,"subacute myeloid leukemia","DOID","Myeloid Leukemia",,"Hematologic"
504,8761,"megakaryocytic leukemia","DOID","Leukemia (Other)",,"Hematologic"
505,8791,"breast carcinoma in situ","DOID","Breast Cancer",,"Solid Tumor"
506,8838,"Hodgkin's lymphoma, nodular sclerosis","DOID",,,
507,8850,"salivary gland cancer","DOID","Salivary Gland Cancer",,"Solid Tumor"
508,8864,"acute monocytic leukemia","DOID","Monocytic Leukemia",,"Hematologic"
509,8923,"skin melanoma","DOID","Melanoma",,"Solid Tumor"
510,8997,"polycythemia vera","DOID",,,
511,9036,"parotid gland cancer","DOID","Head and Neck Cancer",,"Solid Tumor"
512,9053,"bladder carcinoma in situ","DOID","Bladder Cancer",,"Solid Tumor"
513,9119,"acute myeloid leukemia","DOID","Myeloid Leukemia",,"Hematologic"
514,9253,"gastrointestinal stromal tumor","DOID","Gastrointestinal Stromal Tumor",,"Solid Tumor"
515,9254,"mast-cell leukemia","DOID","Leukemia (Other)",,"Hematologic"
516,9256,"colorectal cancer","DOID","Colorectal Cancer",,"Solid Tumor"
517,9261,"nasopharynx carcinoma","DOID","Head and Neck Cancer",,"Solid Tumor"
518,9538,"multiple myeloma","DOID","Multiple Myeloma",,"Hematologic"
519,9551,"smoldering myeloma","DOID","Multiple Myeloma",,"Hematologic"
520,9952,"acute lymphocytic leukemia","DOID","Lymphoid Leukemia",,"Hematologic"
521,9953,"B- and T-cell mixed leukemia","DOID","Myeloid Leukemia",,"Hematologic"
522,10021,"duodenum cancer","DOID","Small Intestine Cancer",,"Solid Tumor"
523,10153,"ileum cancer","DOID","Small Intestine Cancer",,"Solid Tumor"
524,10154,"small intestine cancer","DOID","Small Intestine Cancer",,"Solid Tumor"
525,10155,"intestinal cancer","DOID",,,
526,10283,"prostate cancer","DOID","Prostate Cancer",,"Solid Tumor"
527,10286,"prostate carcinoma","DOID","Prostate Cancer",,"Solid Tumor"
528,10534,"stomach cancer","DOID","Gastric Cancer",,"Solid Tumor"
530,10811,"nasal cavity cancer","DOID","Head and Neck Cancer",,"Solid Tumor"
531,10816,"duodenum adenocarcinoma","DOID","Gastric Cancer",,"Solid Tumor"
532,11054,"urinary bladder cancer","DOID","Bladder Cancer",,"Solid Tumor"
533,11239,"appendix cancer","DOID","Colorectal Cancer",,"Solid Tumor"
534,11615,"penile cancer","DOID","Male Genital Organ Cancer",,"Solid Tumor"
535,11817,"urachus cancer","DOID","Urothelial Carcinoma",,"Solid Tumor"
536,11819,"ureter cancer","DOID","Urothelial Carcinoma",,"Solid Tumor"
537,11920,"tracheal cancer","DOID","Head and Neck Cancer",,"Solid Tumor"
538,11934,"head and neck cancer","DOID","Head and Neck Cancer",,"Solid Tumor"
539,12239,"anal margin squamous cell carcinoma","DOID","Colorectal Cancer",,"Solid Tumor"
540,12253,"testicular lymphoma","DOID","Non-Hodgkin's Lymphoma",,"Hematologic"
541,12603,"acute leukemia","DOID","Leukemia (Unspecified)",,"Hematologic"
542,12689,"acoustic neuroma","DOID","Head and Neck Cancer",,"Solid Tumor"
543,13159,"scrotum squamous cell carcinoma","DOID","Male Genital Organ Cancer",,"Solid Tumor"
544,13223,"uterine fibroid","DOID",,,
545,13515,"tuberous sclerosis","DOID",,,
546,14110,"anus cancer","DOID","Colorectal Cancer",,"Solid Tumor"
547,14175,"von Hippel-Lindau disease","DOID",,,
548,14250,"Down syndrome","DOID",,,
549,14545,"seminal vesicle adenocarcinoma","DOID","Male Genital Organ Cancer",,"Solid Tumor"
550,50458,"juvenile myelomonocytic leukemia","DOID","Monocytic Leukemia",,"Hematologic"
551,50523,"adult T-cell leukemia","DOID","Lymphoma (Non-Hodgkin's)",,"Hematologic"
552,50610,"oral cavity carcinoma in situ","DOID","Head and Neck Cancer",,"Solid Tumor"
553,50619,"paranasal sinus cancer","DOID","Head and Neck Cancer",,"Solid Tumor"
554,50620,"infiltrating renal pelvis transitional cell carcinoma","DOID","Kidney Cancer",,"Solid Tumor"
555,50625,"biliary tract neoplasm","DOID",,,
556,50626,"gastrointestinal neuroendocrine tumor","DOID","Neuroendocrine Tumors",,"Solid Tumor"
557,50685,"small cell carcinoma","DOID","Neuroendocrine Tumors",,"Solid Tumor"
558,50688,"anal canal cancer","DOID","Colorectal Cancer",,"Solid Tumor"
559,50695,"maligt pleural solitary fibrous tumor","DOID","Sarcoma",,"Solid Tumor"
560,50743,"mature T-cell and NK-cell lymphoma","DOID","Lymphoma (Mature T/NK-Cell)",,"Hematologic"
561,50744,"anaplastic large cell lymphoma","DOID","Lymphoma (Non-Hodgkin's)",,"Hematologic"
562,50745,"diffuse large B-cell lymphoma","DOID","Lymphoma (Non-Hodgkin's)",,"Hematologic"
563,50746,"mantle cell lymphoma","DOID","Lymphoma (Non-Hodgkin's)",,"Hematologic"
564,50747,"lymphoplasmacytic lymphoma","DOID","Other Lymphoid, Hematopoietic and Related Tissue",,"Hematologic"
565,50748,"marginal zone B-cell lymphoma","DOID","Lymphoma (Non-Hodgkin's)",,"Hematologic"
566,50749,"peripheral T-cell lymphoma","DOID","Lymphoma (Mature T/NK-Cell)",,"Hematologic"
567,50750,"splenic marginal zone lymphoma","DOID","Non-Hodgkin's Lymphoma",,"Hematologic"
568,50751,"T-cell large granular lymphocyte leukemia","DOID","Lymphoid Leukemia",,"Hematologic"
569,50771,"pheochromocytoma","DOID","Adrenal Gland Cancer",,"Solid Tumor"
570,50773,"paraganglioma","DOID","Neuroendocrine Tumors",,"Solid Tumor"
571,50804,"glioblastoma proneural subtype","DOID","Brain and Nervous System Cancer",,"Solid Tumor"
572,50860,"colorectal adenoma","DOID","Colorectal Cancer",,"Solid Tumor"
573,50861,"colorectal adenocarcinoma","DOID","Colorectal Cancer",,"Solid Tumor"
574,50865,"tongue squamous cell carcinoma","DOID","Head and Neck Cancer",,"Solid Tumor"
575,50866,"oral squamous cell carcinoma","DOID","Head and Neck Cancer",,"Solid Tumor"
576,50868,"hepatocellular adenoma","DOID","Liver Cancer",,"Solid Tumor"
577,50872,"large cell neuroendocrine carcinoma","DOID","Neuroendocrine Tumors",,"Solid Tumor"
578,50873,"follicular lymphoma","DOID","Lymphoma (Follicular)",,"Hematologic"
579,50892,"adrenal gland pheochromocytoma","DOID","Adrenal Gland Cancer",,"Solid Tumor"
580,50902,"medulloblastoma","DOID","Brain and Nervous System Cancer",,"Solid Tumor"
581,50904,"salivary gland carcinoma","DOID","Head and Neck Cancer",,"Solid Tumor"
582,50905,"inflammatory myofibroblastic tumor","DOID","Sarcoma",,"Solid Tumor"
583,50908,"myelodysplastic syndrome","DOID","Myelodysplastic Syndromes",,"Hematologic"
584,50909,"MALT lymphoma","DOID",,,
585,50912,"colon adenoma","DOID","Colorectal Cancer",,"Solid Tumor"
586,50918,"vaginal carcinoma","DOID","Female Genital Organ Cancer",,"Solid Tumor"
587,50920,"tonsil squamous cell carcinoma","DOID","Squamous Cell Carcinoma of Head and Neck",,"Solid Tumor"
588,50921,"pharynx squamous cell carcinoma","DOID","Head and Neck Cancer",,"Solid Tumor"
589,50922,"gastrointestinal carcinoma","DOID","Gastric Cancer",,"Solid Tumor"
590,50925,"small intestine carcinoid neuroendocrine tumor","DOID","Neuroendocrine Tumors",,"Solid Tumor"
591,50926,"jejunal adenocarcinoma","DOID","Small Intestine Cancer",,"Solid Tumor"
592,50929,"mucosal melanoma","DOID","Melanoma",,"Solid Tumor"
593,50933,"ovarian serous carcinoma","DOID","Ovarian Cancer",,"Solid Tumor"
594,50934,"ovarian clear cell carcinoma","DOID","Ovarian Cancer",,"Solid Tumor"
595,50936,"extra-adrenal pheochromocytoma","DOID","Neuroendocrine Tumors",,"Solid Tumor"
596,50938,"breast lobular carcinoma","DOID","Breast Cancer",,"Solid Tumor"
597,60058,"lymphoma","DOID","Hodgkin's Lymphoma",,"Hematologic"
598,60060,"non-Hodgkin lymphoma","DOID","Lymphoma (Non-Hodgkin's)",,"Hematologic"
599,60061,"cutaneous T cell lymphoma","DOID",,,
600,60073,"lymphatic system cancer","DOID","Lymphoid Neoplasms (Other)",,"Hematologic"
601,60074,"ductal carcinoma in situ","DOID","Breast Cancer",,"Solid Tumor"
602,60075,"estrogen-receptor positive breast cancer","DOID","Breast Cancer","ER-Positive Breast Cancer","Solid Tumor"
603,60076,"estrogen-receptor negative breast cancer","DOID","Breast Cancer","ER-Negative Breast Cancer","Solid Tumor"
604,60077,"progesterone-receptor positive breast cancer","DOID","Breast Cancer",,"Solid Tumor"
605,60079,"Her2-receptor positive breast cancer","DOID","Breast Cancer","HER2-Positive Breast Cancer","Solid Tumor"
606,60080,"Her2-receptor negative breast cancer","DOID","Breast Cancer","HER2-Negative Breast Cancer","Solid Tumor"
607,60081,"triple-receptor negative breast cancer","DOID","Breast Cancer","Triple-Negative Breast Cancer","Solid Tumor"
608,60083,"immune system cancer","DOID",,,
609,60100,"musculoskeletal system cancer","DOID",,,
610,60108,"brain glioma","DOID","Brain and Nervous System Cancer",,"Solid Tumor"
611,60123,"connective tissue benign neoplasm","DOID","Sarcoma",,"Solid Tumor"
612,60318,"acute promyelocytic leukemia","DOID","Myeloid Leukemia",,"Hematologic"
613,60463,"NUT midline carcinoma","DOID",,,
614,60592,"B-cell adult acute lymphocytic leukemia","DOID","Lymphoid Leukemia",,"Hematologic"
615,60597,"atypical chronic myeloid leukemia","DOID",,,
616,60901,"Waldenstroem's macroglobulinemia","DOID","Lymphoid Neoplasms (Other)",,"Hematologic"
617,70004,"myeloid neoplasm","DOID","Myeloid Leukemia",,"Hematologic"
618,80144,"childhood acute lymphocytic leukemia","DOID",,,
619,80145,"T-cell childhood acute lymphocytic leukemia","DOID","Lymphoid Leukemia",,"Hematologic"
620,80146,"B-cell childhood acute lymphoblastic leukemia","DOID","Lymphoid Leukemia",,"Hematologic"
621,80147,"lymphoblastic lymphoma","DOID","Lymphoid Leukemia",,"Hematologic"
622,80188,"chronic myelomonocytic leukemia","DOID",,,
623,80190,"maligt epithelioid hemangioendothelioma","DOID",,,
624,80192,"relapsed/refractory diffuse large B-cell lymphoma","DOID",,,
625,80199,"colorectal carcinoma","DOID","Colorectal Cancer",,"Solid Tumor"
626,80202,"adenoid cystic carcinoma","DOID","Head and Neck Cancer",,"Solid Tumor"
627,80210,"primary mediastinal B-cell lymphoma","DOID",,,
628,80211,"nodal marginal zone lymphoma","DOID",,,
629,80366,"desmoid tumor","DOID","Sarcoma",,"Solid Tumor"
630,80372,"epithelioid inflammatory myofibroblastic sarcoma","DOID","Sarcoma",,"Solid Tumor"
631,80374,"gastroesophageal cancer","DOID","Esophageal Cancer",,"Solid Tumor"
632,80375,"gastroesophageal adenocarcinoma","DOID","Gastroesophageal Junction Adenocarcinoma",,"Solid Tumor"
633,80521,"lung non-squamous non-small cell carcinoma","DOID","Non-Small Cell Lung Cancer",,"Solid Tumor"
634,80522,"thyroid gland anaplastic carcinoma","DOID","Anaplastic Thyroid Carcinoma",,"Solid Tumor"
635,111147,"angioimmunoblastic T-cell lymphoma","DOID","Lymphoma (Mature T/NK-Cell)",,"Solid Tumor"
636,10000001,"Head and Neck Cancer","JAX","Head and Neck Cancer",,"Solid Tumor"
637,10000002,"Head and Neck Squamous Cell Carcinoma","JAX","Squamous Cell Carcinoma of Head and Neck",,"Solid Tumor"
638,10000003,"Advanced Solid Tumor","JAX","All Solid Tumor",,"Solid Tumor"
639,10000004,"Pediatric Solid Tumors","JAX","All Solid Tumor",,"Solid Tumor"
640,10000005,"Indication other than cancer","JAX",,,
641,171,"neuroectodermal tumor","DOID",,,
642,688,"embryonal cancer","DOID",,,
643,713,"HCL-V","DOID",,,
644,999,"hypereosinophilic syndrome","DOID",,,
645,1037,"lymphocytic leukemia","DOID",,,
646,1475,"lymphangioma","DOID",,,
647,2696,"Leydig cell tumor","DOID",,,
648,3076,"adult astrocytic tumour","DOID","Brain and Nervous System Cancer",,"Solid Tumor"
649,3304,"germinoma","DOID",,,
650,3361,"pediatric osteosarcoma","DOID","Sarcoma",,"Solid Tumor"
651,3577,"Sertoli cell tumor","DOID",,,
652,3675,"childhood kidney cancer","DOID","Kidney Cancer",,"Solid Tumor"
653,3846,"adamantinous craniopharyngioma","DOID",,,
654,3908,"lung non-small cell carcinoma","DOID","Non-Small Cell Lung Cancer",,"Solid Tumor"
655,4000,"ovary transitional cell carcinoma","DOID","Ovarian Cancer",,"Solid Tumor"
656,4008,"fallopian tube transitional cell carcinoma","DOID",,,
657,4014,"sarcomatoid transitional cell carcinoma","DOID",,,
658,4757,"testicular sex cord-stromal neoplasm","DOID",,,
659,4829,"adenosquamous lung carcinoma","DOID","Non-Small Cell Lung Cancer",,"Solid Tumor"
660,6898,"ovarian seromucinous carcinoma","DOID","Ovarian Cancer",,"Solid Tumor"
661,6903,"eye lymphoma","DOID",,,
662,7664,"endometrial mixed adenocarcinoma","DOID",,,
663,8543,"Hodgkin's lymphoma, lymphocytic-histiocytic predomice","DOID",,,
664,8602,"gum cancer","DOID","Head and Neck Cancer",,"Solid Tumor"
665,8628,"Hodgkin's lymphoma, lymphocytic depletion","DOID",,,
666,8649,"tongue cancer","DOID","Head and Neck Cancer",,"Solid Tumor"
667,8654,"Hodgkin's lymphoma, mixed cellularity","DOID",,,
668,8838,"Hodgkin's lymphoma, nodular sclerosis","DOID",,,
669,8858,"tonsil cancer","DOID","Head and Neck Cancer",,"Solid Tumor"
670,9188,"vestibule of mouth cancer","DOID",,,
671,50615,"respiratory system cancer","DOID",,,
672,50625,"biliary tract benign neoplasm","DOID",,,
673,50894,"ameloblastoma","DOID",,,
674,80187,"chronic neutrophilic leukemia","DOID",,,
675,80367,"chronic eosinophilic leukemia","DOID",,,
676,2632,"papillary serous adenocarcinoma","DOID","Uterine Cancer",,"Solid Tumor"
677,5637,"pancreatic adenosquamous carcinoma","DOID",,,
678,6211,"mixed epithelial tumor of ovary","DOID",,,
679,2426,"gangliocytoma","DOID",,,
680,3183,"childhood oligodendroglioma","DOID",,,
681,3773,"third ventricle chordoid glioma","DOID",,,
682,4329,"Erdheim-Chester disease","DOID",,,
683,4424,"juvenile xanthogranuloma","DOID",,,
684,6458,"cerebellar liponeurocytoma","DOID",,,
685,14174,"central neurocytoma","DOID",,,
686,80347,"maligt pheochromocytoma","DOID",,,
687,193,"reproductive organ cancer","DOID",,,
688,1781,"thyroid gland cancer","DOID","Thyroid Cancer",,"Solid Tumor"
689,3368,"Ewing sarcoma of bone","DOID",,,
690,3962,"thyroid gland follicular carcinoma","DOID","Thyroid Cancer",,"Solid Tumor"
691,3963,"thyroid gland carcinoma","DOID","Thyroid Cancer",,"Solid Tumor"
692,3969,"thyroid gland papillary carcinoma","DOID","Thyroid Cancer",,"Solid Tumor"
693,3973,"thyroid gland medullary carcinoma","DOID","Medullary Thyroid Cancer",,"Solid Tumor"
694,4232,"extraosseous Ewing sarcoma","DOID",,,
695,7651,"small-cell carcinoma of the ovary of hypercalcemic type","DOID",,,
696,8161,"thyroid gland Hurthle cell carcinoma","DOID",,,
